{
	"format_version": "1.8.0",
	"animations": {
		"animation.apollo_boss.walk": {
			"animation_length": 4,
			"bones": {
				"leg_left": {
					"rotation": {
						"0.0": [0, 0, 0],
						"1.0": [-35, 0, 0],
						"2.0": [0, 0, 0],
						"3.0": [30, 0, 0],
						"4.0": [0, 0, 0]
					},
					"position": {
						"0.0": [0, 0, 0],
						"1.0": [0, 3, -12],
						"2.0": [0, 0, 0],
						"3.0": [0, 0, 7],
						"4.0": [0, 0, 0]
					}
				},
				"leg_right": {
					"rotation": {
						"0.0": [0, 0, 0],
						"1.0": [30, 0, 0],
						"2.0": [0, 0, 0],
						"3.0": [-30, 0, 0],
						"3.9583": [0, 0, 0]
					},
					"position": {
						"0.0": [0, 0, 0],
						"1.0": [0, 0, 6],
						"2.0": [0, 0, 0],
						"3.0": [0, 0, -8],
						"3.9583": [0, 0, 0]
					}
				},
				"arm": {
					"rotation": {
						"0.0": [0, 0, 0],
						"1.0": [-45, 0, 0],
						"2.0": [0, 0, 0],
						"3.0": [25, 0, 0],
						"3.9583": [0, 0, 0]
					},
					"position": {
						"0.0": [0, 0, 0],
						"1.0": [0, 15, -31],
						"2.0": [0, 0, 0],
						"3.0": [0, 3, 17],
						"3.9583": [0, 0, 0]
					}
				},
				"arm2": {
					"rotation": {
						"0.0": [0, 0, 0],
						"1.0": [27.5, 0, 0],
						"2.0": [0, 0, 0],
						"3.0": [-27.5, 0, 0],
						"3.9167": [0, 0, 0]
					},
					"position": {
						"0.0": [0, 0, 0],
						"1.0": [0, 4, 19],
						"2.0": [0, 0, 0],
						"3.0": [0, 6, -21],
						"3.9167": [0, 0, 0]
					}
				}
			}
		},
		"animation.apollo_boss.attack": {
			"animation_length": 1,
			"bones": {
				"arm": {
					"rotation": {
						"0.0": [0, 0, 0],
						"0.5": [-151.79133, -21.63471, 7.00269],
						"1.0": [0, 0, 0]
					},
					"position": {
						"0.0": [0, 0, 0],
						"0.2083": [6.25, 28.08, -40.42],
						"0.5": [15, 89, -25],
						"0.7083": [8.75, 47.92, -42.58],
						"0.875": [3.75, 12.25, -27.25],
						"1.0": [0, 0, 0]
					}
				},
				"arm2": {
					"rotation": {
						"0.0": [0, 0, 0],
						"0.5": [-135.93148, 19.90349, -1.87626],
						"1.0": [0, 0, 0]
					},
					"position": {
						"0.0": [0, 0, 0],
						"0.2083": [-5.83, 23.75, -38],
						"0.5": [-14, 81, -36],
						"0.7083": [-8.17, 39.25, -45],
						"0.875": [-3.5, 8.82, -25.29],
						"1.0": [0, 0, 0]
					}
				}
			}
		},
		"animation.apollo_boss.eat": {
			"animation_length": 1.5,
			"bones": {
				"arm2": {
					"rotation": {
						"0.0": [0, 0, 0],
						"0.5": [-69.55418, -11.73507, -4.3361],
						"0.75": [-89.55418, -11.73507, -4.3361],
						"1.0": [-62.05418, -11.73507, -4.3361],
						"1.25": [-107.05418, -11.73507, -4.3361],
						"1.5": [-69.55418, -11.73507, -4.3361]
					},
					"position": {
						"0.0": [0, 0, 0],
						"0.25": [4, 11.5, -24.5],
						"0.5": [8, 35, -37],
						"0.75": [8, 50, -37],
						"1.0": [8, 28, -37],
						"1.25": [8, 63, -37],
						"1.5": [8, 33, -37]
					}
				}
			}
		},
		"animation.apollo_boss.beam": {
			"animation_length": 1.5,
			"bones": {
				"hat": {
					"rotation": {
						"0.0": [0, 0, 0],
						"0.75": [-5, 0, 0]
					},
					"position": {
						"0.0": [0, 0, 0],
						"0.75": [0, 0, -4]
					}
				},
				"head": {
					"rotation": {
						"0.0": [0, 0, 0],
						"0.75": [-5, 0, 0]
					},
					"position": {
						"0.0": [0, 0, 0],
						"0.75": [0, 0, -6]
					}
				},
				"arm": {
					"rotation": {
						"0.0": [0, 0, 0],
						"0.75": [-30, -37.5, -97.5]
					},
					"position": {
						"0.0": [0, 0, 0],
						"0.3333": [39, 1.33, -12.44],
						"0.5417": [60, 21.67, -25.22],
						"0.75": [63, 48, -28]
					}
				},
				"arm2": {
					"rotation": {
						"0.0": [0, 0, 0],
						"0.75": [-50, 60, 72.5]
					},
					"position": {
						"0.0": [0, 0, 0],
						"0.3333": [-32.44, 4.22, -27.56],
						"0.5417": [-53.72, 26.61, -31.28],
						"0.75": [-55, 59, -35]
					}
				}
			}
		}
	}
}